Name_source,Name_English,Name_Indo,Name_Other,Manager,Investor_1,Investor_2,Sources,ScrapedContent
Kawasan Industri Aceh - Ladong,,Kawasan Industri Aceh Ladong,,PT. Pembangunan Aceh,,,"https://regionalinvestment.bkpm.go.id/pir/peluang-investasi/detail/?id=864
(Broken) https://kemenperin.go.id/artikel/22941/Kemenperin-Dorong-Masuknya-Investor-ke-Kawasan-Industri-Ladong 
https://www.acehportal.com/news/kawasan-industri-aceh-kia-ladong-jadi-magnet-pengembangan-industri-di-aceh/index.html 
https://www.youtube.com/watch?v=QtTH5HiZNc0
https://humas.acehprov.go.id/24697-2/
(Archived link, 11/27/23) https://web.archive.org/web/20231127172956/https://kemenperin.go.id/kawasan 
https://regionalinvestment.bkpm.go.id/pir/peluang-investasi/detail/?id=864#areaPeta
","

Beranda Profil Daerah Profil Prov. Aceh Profil Kawasan Peruntukan Industri KEK Arun Lhokseumawe Kawasan Industri Aceh Ladong PPS Lampulo Aceh Peruntukan Industri Peluang Investasi Perizinan Infografis Profil Kawasan Industri Aceh Ladong KAWASAN INDUSTRI ACEH (KIA) LADONG PROFIL Kawasan Industri Aceh (KIA) Ladong adalah kawasan yang dibentuk Pemerintah Aceh yang terletak 20 KM dari Kota Banda Aceh. Izin Usaha Kawasan Industri (IUKI) KIA Ladong diterbitkan pada tahun 2018. Sesuai Perpres No. 18 Tahun 2020 KIA Ladong termasuk dalam rencana pengembangan dari 36 kawasan industri di Indonesia. Pengelolaan KIA Ladong berada di bawah Badan Usaha Milik Aceh (BUMA) yaitu PT. PEMA. Saat ini kawasan KIA Ladong telah menyediakan ±71,4 Ha lahan untuk pembangunan berbagai industri (aneka industri). Adapun lahan industri yang direncanakan di Kawasan KIA Ladong sekitar 250 Ha. Secara konseptual kawasan industri merupakan kawasan tempat pemusatan kegiatan industri yang dilengkapi dengan infrastruktur dasar dan infrastruktur penunjang baik dalam kawasan maupun luar kawasan perusahaan. Dengan demikian diharapkan para investor/tenant dapat berinvestasi dalam Kawasan Industri Aceh Ladong. Dengan ketersediaan lahan, sarana dan prasarana serta fasilitas lainnya yang memadai, akan lebih memudahkan investor untuk mendirikan pabriknya di Aceh, dibandingkan bila setiap investor harus menyediakan sendiri fasilitas tersebut. Berdasarkan hasil kajian dan reorientasi maka Core Business KIA Ladong diarahkan pada industri pengolahan yang berorientasi pada Food Industry /Industri Halal, Chemical, Manufacture, dan Logistic. Maksud dan tujuan dari pengembangan Kawasan Industri Ladong adalah untuk meningkatkan kontribusi sektor industri pengolahan dalam rangka meningkatkan pertumbuhan ekonomi Aceh dan menciptakan lapangan pekerjaan. Berdasarkan Rencana Pembagunan Industri Aceh, beberapa hal yang menjadi alasan penting dibentuknya kawasan industri KIA Ladong antara lain: 1. Mempercepat pertumbuhan industri, 2. Memberikan  kemudahan  bagi  kegiatan  industry,  misalnya  lokasi,  perizinan, sarana dan prasarana, 3. Mendorong kegiatan industri agar terpusat dan berlokasi di kawasan tersebut, 4. Menyediakan fasilitas lokasi industri yang berwawasan lingkungan. 5. Melakukan pengembangan Kawasan Industri Halal Ladong KEUNGGULAN KOMPETITIF Sebagai kawasan industri KIA Ladong memiliki keunggulan kompetitif dari sisi letak (jalur distribusi) yang berada pada posisi strategis berupa konektivitas terintegrasi yaitu: 1. Akses ke bandara internasional Sultan Iskandar Muda sekitar 28 km, 2. Akses pelabuhan Malahayati sekitar 10 km; 3. Akses pelabuhan Ulee Lheu sekitar 30 km; 4. Akses jalan tol nasional Banda Aceh - Sumut 9 km; 5. Berada pada jalur perdagangan internasional yaitu berada Selat Malaka. Keunggulan lainnya yaitu dukungan sektor Agro dan Perikanan serta hasil Tambang sebagai raw material untuk tumbuhnya hilirisasi industri di Aceh. KAWASAN INDUSTRI HALAL Pengembangan Kawasan Industri Halal (KIH) di Kawasan Industri Aceh Ladong menjadi prioritas utama, didukung oleh jumlah penduduk Provinsi Aceh yang mayoritas beragama Islam mencapai 99% dan sistem pemerintahan serta Qanun lembaga keuangan berbasis syariah, sehingga sangat potensial untuk dikembangkan Kawasan Industri Halal di KIA Ladong. Pengembangan Kawasan Industri Halal tidak terlepas dari rencana pengembangan Kawasan Industri Ladong itu sendiri dan merupakan bagian yang tidak terpisahkan dari Rencana Pengembangan Industri Aceh. Banyak keuntungan terutama bagi tenant yang akan berinvestasi di kawasan industri halal diantaranya kemudahan kepabeanan dalam ekspor impor dan insentif pajak berupa tax holiday dan tax allowance. Dalam pelaksanaan pembangunan Kawasan Industri Halal konsep dasar kehalalan tentunya harus menjadi perhatian, yaitu: bahan kehalalan, perolehan halal, pengolahan halal, dan pembiayaan halal, sehingga produk yang dihasilkan benar-benar halal dan tayyib (baik). Sektor industri sering disebut juga sebagai sektor pemimpin ( leading sector ), karena dengan pembangunan industri akan memicu dan mengangkat pembangunan sektor-sektor lainnya seperti sektor jasa. Sektor industry juga disebut sebagai tulang punggung pembangunan nasional. Aceh memiliki kawasan yang memiliki potensi serta kedudukan strategis yang mempunyai pengaruh besar serta dapat dijadikan pendorong bagi pembangunan Aceh. Untuk mempercepat pengembangan KIA Ladong serta menarik minat investasi dari luar, perlu dilakukan melalui beberapa strategi salah satunya melalui pembentukan kluster industri halal dan menetapkan KI Ladong sebagai salah satu KI Halal Nasional. FASILITAS SAAT INI Sebagai Kawasan Industri dalam pengembangan KIA Ladong saat ini sudah memiliki fasilitas antara lain: 1. Administration Gateway dan Industry Gateway (gerbang masuk kawasan administrasi dan industri) 2. Security Post (pos jaga) 3. Hedge Area (pemagaran area kawasan) 4. Street Lights in Area (lampu jalan dalan kawasan) 5. Road and Drainage in the Area (Jalan beraspal dan drainase dalam kawasan) 6. Management Office (perkantoran) 7. Official Residence (rumah dinas) 8. Reservoir Dalam KIA Ladong akan dikembangkan menjadi 4 Zona, yaitu: 1. Manufacture, dengan basis agro industri dan UKM 2. Logistic 3. Chemical 4. Halal Food Industry Sosial Media Alamat Kantor Jl. Tgk. Imeum Lueng Bata, Gampong Cot Masjid, Kecamatan Lueng Bata, Kota Banda Aceh (23246), Aceh. Phone: +62 811 678 1139 E-Mail: dpmptspaceh@gmail.com, Website: https://dpmptsp.acehprov.go.id/ Dinas Penanaman Modal dan Pelayanan Terpadu Satu Pintu (DPMPTSP) Provinsi Aceh © 2022 All Rights Reserved.

ID EN Accessibility Font size A A A Contrast Your feedback is very important to us and will help us improve the usability of our website. Ikuti Survey Kepuasan Pelanggan Contact Us Submit Project Invest in Aceh About Aceh Economic Indicators Investment Incentives Strategic Location Investor Testimony Investment Guide How to Setup Business Priority Sectors Business Matching FAQ E-Library Our Services Promotion On Demand Business Permits Application Aceh Investment Support Unit Investment Analysis GIS InvestAceh E-Klinik E-Data E-SKM Ask Inong (AI) SI INONG PRIMA Profile Mission News Events Blog Contact Us About RIRU About DPMPTSP Kawasan Industri Aceh (KIA) Ladong Home Projects Kawasan Industri Aceh (KIA) Ladong Economic-Development-Zones Kawasan Industri Aceh (KIA) Ladong ... request a quote Economic-Development-Zones Kawasan Industri Aceh (KIA) Ladong Property Description KIA Ladong ditargetkan menjadi pusat industri dan hilirisasi komoditas unggulan Aceh berbasis industri halal seperti makanan, minuman dan produk lainnya. Market Opportunity ""Saat ini KIA Ladong telah memiliki izin : Estate Regulation, Izin Usaha Kawasan Industri (IUKI), Izin Lingkungan dan Izin Lokasi, serta insentif sewa lahan dari Pemerintah Aceh. Tarif Dasar Harga Sewa Lahan KIA Ladong = Rp. 5000/m2/tahun"" Financial Estimation Total Estimate: IRR/NPV/BEP: Quick Summary Land Area : 66 ha Land Status : Milik Pemerintah Aceh Investment Schema : Direct Investment Water : Available Power : Available Gas : Available Road Access : Paved (Asphalted) Port Access : 11 KM Airport Access : 25 KM Toll Access : 11 KM Others : Interesting to this project Gallery: related Projects YACHT MARINA & RESORT DEVELOPMENT OF PULAU KLAH  – SABANG, ACEH Tourism RESORT DEVELOPMENT OF LHOK WENG – SABANG, ACEH Tourism DEVELOPMENT OF 0 (zero) KM THEMEPARK – SABANG, ACEH Tourism Banda Aceh Business Center Agro-Industry Metro Mina Park – Kuala Idi Fishery Pembangunan Kereta Api Perkotaan Infrastructure Development of Lhoknga Golf Course And Resort Tourism Nagan Raya Cooking Oil Processing Industry Agro-Industry Ie Seum Hot Spring Resort Tourism Development Agro-Industry The Development of Aceh Patchouli Industry Agro-Industry Lingkok Kuwieng Tourism Development, Pidie Tourism Frozen Tuna Processing Industry Development , Samudera Kutaraja Fishing Port, Lampulo Fishery Pembangunan Pabrik Pengolahan Saos Pasta, Aceh Tengah Fishery Cocoa Beans & Plantation Development Project Agro-Industry Beef Industry Development Project, Aceh Besar Industrial Area Sawang Ba’U Fishing Port, Aceh Selatan Fishery Samudera Kutaraja Fishing Port, Banda Aceh Fishery Opportunity For Joint Cooperation On CT-1 & CT-3 Port – Sabang, Aceh Infrastructure Development Of Fisheries Industry – Sabang & Pulo Aceh, Aceh Fishery Luxury Resort Development Of Alue Riyeung – Pulo Aceh, Aceh Tourism Aceh Coffee Processing Industry Agro-Industry Investment Project Shipyard 200 GT Fishery Water Treatment Facility Economic-Development-Zones explore all projects Starting Invest in Aceh These investment incentives and scheme is specifically designed to encourage potential investors and thus reap the positive effects of foreign direct investments (FDI). Contact Us Jl. Tgk. Imeum Lueng Bata, Gampong Cot Masjid, Kecamatan Lueng Bata, Kota Banda Aceh (23246), Aceh. get directions instagram facebook twitter About Mission News Events Blog Contact Us About RIRU About DPMPTSP Related Agencies Indonesia Central Bank BKPM Bappeda Arun Special Trade Zone Aceh Investment and Promotion Agency Sectors How to Setup Business Priority Sectors Business Matching FAQ E-Library © 2020 - 2025 Invest in Aceh. all rights reserved. Created with Gumugu 75527 Visitor"
Bintan Inti Industrial Estate,Bintan Inti Industrial Estate,,,PT. Bintan Inti Industrial Estate,Gallant Venture Ltd.,,"(Archived link, 11/27/23) https://web.archive.org/web/20231127172956/https://kemenperin.go.id/kawasan 
(Archived link, 11/28/23) https://web.archive.org/web/20231128184118/https://business-indonesia.org/data-estate
http://www.gallantventure.com/
http://www.bintanindustrial.com/#/media/marketplace
https://www.liputan6.com/bisnis/read/3174961/dukung-kawasan-industri-pln-pasok-listrik-di-bintan?page=2
https://petrominer.com/meski-terkendala-ijin-pln-siap-penuhi-listrik-di-bintan/
(Archived link, 5/18/2024) https://web.archive.org/web/20240518022508/https://www.energytransitionpartnership.org/uploads/2022/09/The-Electricity-Infrastructure-Planning-and-Investment-Needs-to-Support-Energy-Transition.pdf
http://www.gallantventure.com/wbn/slot/u307/gallantventure.com.sg/www/brochure.htm
https://gallantventure.listedcompany.com/news.html/id/2457792","3 HarbourFront Place #16-01 HarbourFront Tower Two Singapore 099254 日本語 CSOS Login Home Corporate Profile Bintan BIE Work Live Play Home Corporate Profile Bintan BIE Work Live Play BINTAN INDUSTRIAL PARK Factory Type Type A : EN Single Storey Terrace Type B : EN Detached Single Storey with Mezzanine Floor Type C : EN Single Storey Semi-Detached Get in touch For more information about Bintan Industrial Estate and investing in Bintan, please contact us at : GALLANT VENTURE LTD 3 HarbourFront Place #16-01 HarbourFront Tower Two Singapore 099254 Tel +65 6389 3535 Fax +65 6396 7758 www.gallantventure.com industrialparks@gallantventure.com PT. BINTAN INTI INDUSTRIAL ESTATE Wisma Bintan Industrial Estate Jalan Tanjung Lobam Lobam PO Box 020, Bintan 29154 Indonesia Contact Us Name : Email : Phone No : Message : © 2024 All rights reserved. © Bintanindustrial .

Home Directories Industrial Estates Manufacturing Trade Service Infocenter Facts & Figures Business Sectors Industry Manufacturing Health & Medical Food & Beverage (F&B) Agribusiness Mining Infrastructure Energy Logistics & Transports Construction EPR ICT & Digital Economy Legal Investment Entity Establishment Licenses Export-Import Exports to Indonesia Exports to EU/ Germany National Standards (SNI) Halal Certification BPOM Registration of Food & Medicine Products Finance/Tax Taxation Audit and Accounting Visa/Immigration Others Property Intellectual Property Rights (IP) Provinces News Business News COVID-19 Developments in Indonesia What to Prepare During Your Stay Latest Updates Legal Insights About Us Concept EKONID Partners Contact Be Part Directory Listing Advertisement Sign In Back to Directory List Bintan Industrial Estate Service General Info Foundation Year N/A Sectors Industrial Estates Board Members No data available Building/Factory/Branches No data available About the Company Bintan Industrial Estate is owned by Gallant Venture Ltd, a public-listed company in Singapore. Gallant Venture is a commercial development and management group in Riau Archipelago and an integrated master planner for industrial parks and resorts in Batam and Bintan. The major shareholders include Salim Group from Indonesia and Sembcorp Industries Ltd from Singapore. Bintan Industrial Estate is the only industrial estate in Bintan and span across 270 hectares at the south-western part of the island. It is a rare sea-fronting industrial estate with up to 4,000 hectares of expansion potential. Within its premises, tenants enjoy access to a container port with international port-of-call status, dedicated customers, immigration and quarantine (CIQ) facilities as well as an exclusive passenger ferry terminal. These translate into secure, smooth and timely facilitation of freight shipments, which is mission-critical to just-in-time production schedules. The industrial estate also houses a range of ready-built factories that are suitable for warehousing and distribution to Singapore. As a self-contained development, Bintan Industrial Estate offers full lifestyle facilities from accommodation and amenities to recreational and leisure options. Much thought has been put into ensuring that its tenants enjoy all the modern conveniences while living in a lush, tranquil environment. The estate is completed by its excellent and professionally managed supporting infrastructure, amenities and total customer service solutions. Infrastructure Size Total size 40.000.000 hectares Plot Size 100000000 - 65400000000 m2 Land Ownership Lease Yes Lease Price USD 300,000.00 Sale Price USD 0.00 Ready to use building Office Building No Commercial Building No Factory Building Yes Warehouse Building Yes Utilities Electricity Available Gas Unavailable Water Available Waste Water Treatment Available Solid Waste Treatment Available Telecommunication Telephone Available Internet Available Distance to Nearest Major City 13 km (Batam) Airport 20 km Seaport 1 km Train station 1000 km Member of Contact PT. BINTAN INTI INDUSTRIAL ESTATE Wisma Bintan Industrial Estate Jalan Tanjung Lobam Lobam PO Box 020 Bintan 29154, Indonesia +6563893535 industrialparks@gallantventure.com http://www.gallantventure.com/ About Business-Indonesia About Us Site Map Contact EKONID Copyright Disclaimer All Rights Reserved Copyright © EKONID Follow us on

"
Kawasan Industri Wiraraja,,Kawasan Industri Wiraraja,,PT. Wiraraja Indonesia,,,"https://bpbatam.go.id/wp-content/uploads/2022/07/E-BOOK-Batam-industrial-estate-2022.pdf
https://wiraraja.com/
https://gowest.id/wiraraja-indonesia-segera-resmikan-pabrik-energi-baru-terbarukan/
https://zonaebt.com/bisnis/mengenal-perusahaan-yang-baru-saja-diresmikan-di-kawasan-industri-wiraraja-batam/","

We're sorry but Wiraraja Indonesia doesn't work properly without JavaScript enabled. Please enable it to continue.

Client Login Subscribe Property Office Apartment Hotel Strata Retail Leased Retail Service/Rental Apartment Beach Club Condotel Leased Villa Villa for Sale Data Center Modern Warehouse Facilities Hospital University International School Embassy Entertainment Landmark Rest Area Infrastructure Toll Road Sea Port Airport Commuter/Intercity Line MRT LRT High-Speed Rail Airport Rail SEZ Township Residential/Commercial Industrial Listing About KFMap KF Services News/Blog News Regional Blog Global Blog Research Reports Demography Useful Links Contact Us Inframap Client Login Properties Property Office Apartment Hotel Strata Retail Leased Retail Service/Rental Apartment Beach Club Condotel Leased Villa Villa for Sale Data Center Modern Warehouse Facilities Hospital University International School Embassy Entertainment Landmark Rest Area Infrastructure Toll Road Sea Port Airport Commuter/Intercity Line MRT LRT High-Speed Rail Airport Rail SEZ Township Residential/Commercial Industrial Listing Property Office Apartment Hotel Strata Retail Leased Retail Service/Rental Apartment Beach Club Condotel Leased Villa Villa for Sale Data Center Modern Warehouse Facilities Hospital University International School Embassy Entertainment Landmark Rest Area Infrastructure Toll Road Sea Port Airport Commuter/Intercity Line MRT LRT High-Speed Rail Airport Rail SEZ Township Residential/Commercial Industrial Listing Property Office Apartment Hotel Strata Retail Leased Retail Facilities Hospital University Embassy Entertainment Landmark Infrastructure Toll Road Seaport Airport Commuter/Intercity Line MRT LRT High-Speed Rail Airport Rail SEZ Township Residential/Commercial Industrial SIGN IN Don't have an account? REGISTER Subscribe | Client Login Research News/Blog Updated News Useful Links Global
                          Blog Regional Blog About Us Contact Us Menu Subscribe Login Research Updated
                    News Useful Links Global Blog Regional
                    Blog About
                    Us Contact Us Industrial Kepulauan Riau Batam Nongsa Wiraraja Industrial Estate Wiraraja Industrial Estate Project Name Wiraraja Industrial Estate Developer Name PT. Wiraraja Indonesia Total Landbank (Ha) 78 Website www.wiraraja.com City Batam District Nongsa Province Riau Islands Demography Population 1.276.900 in Batam (2024) People Density 1.234/km 2 Regional Minimum Wage (UMR) IDR 4.685.050 in Batam (2024) Contact us for free property consultation Description Wiraraja Industrial Estate merupakan kawasan industri yang berdiri pada tahun 1998 dan terletak di Kecamatan Nongsa, Batam, Kepulauan Riau. Berdiri di lahan seluas 78 hektar, Wiraraja Industrial Estate mengembangkan berbagai sektor, seperti Industri Real Estate, Manufaktur, Industri Pertambangan, dan Energi Terbarukan. Sebagai kawasan industri, Wiraraja Industrial Estate menyediakan berbagai di wilayahnya, seperti asrama, ATM, kantin, masjid, serta pos penjagaan security. Selain itu Wiraraja Industrial Estate juga dilengkapi dengan sumber listrik yang memadai, telekomunikasi, dan kapasitas air yang memadai. Akses menuju lokasi Wiraraja Industrial Estate cukup mudah, terletak dekat dengan Bandara Hang Nadim yang bisa ditempuh dalam waktu 20 menit, Pelabuhan Sekupang, Pelabuhan Batam, dan Pelabuhan Batu Ampar yang masing-masing hanya membutuhkan waktu tempuh antara 20 sampai 60 menit. Knight Frank Indonesia Chase Plaza 17th Floor Jalan Jendral Sudirman Kav. 21 Jakarta, 12920 - Indonesia Utilities About KFMap News Regional Blog Global Blog Research Useful Links Contact Us KF Services General Agency Occupier Strategy and Solutions Property and Engineering Services Research Strategic Consultancy Valuations CloseBuy Get the latest insight into property and infrastructure Subscribe ©INFRAMAP - KNIGHTFRANK 2025 Legal Terms of Condition Global Privacy Policy Refund Policy"
Batamindo Industrial Park,Batamindo Industrial Park,,,PT. Batamindo Investment Cakrawala,Gallant Venture Ltd.,,"https://bpbatam.go.id/wp-content/uploads/2022/07/E-BOOK-Batam-industrial-estate-2022.pdf
(Archived link, 11/27/23) https://web.archive.org/web/20231127172956/https://kemenperin.go.id/kawasan 
http://www.gallantventure.com/
http://www.batamindoindustrial.com/#/batamindo/about
https://batampos.co.id/2018/12/15/energi-baik-yang-menarik-investasi-dan-memacu-pertumbuhan-ekonomi/
(Archived link, 5/18/2024) https://web.archive.org/web/20240518022508/https://www.energytransitionpartnership.org/uploads/2022/09/The-Electricity-Infrastructure-Planning-and-Investment-Needs-to-Support-Energy-Transition.pdf
http://www.gallantventure.com/wbn/slot/u307/gallantventure.com.sg/www/brochure.htm
https://gallantventure.listedcompany.com/news.html/id/2457792
https://hub.unido.org/sites/default/files/publications/Best%20Practice%20Issue%20I_Rooftop%20Solar%20PV.pdf","

3 HarbourFront Place #16-01 HarbourFront Tower Two Singapore 099254 日本語 CSOS Login Home Corporate Profile One Stop Solution Batam Batamindo Lifestyle Home Corporate Profile One Stop Solution Batam Batamindo Lifestyle Gallant Venture Ltd Gallant Venture Ltd is a public-listed company in Singapore focusing on commercial development and growth opportunities in the Riau Archipelago of Indonesia. Since our establishment in the 1990s, we have been an important innovator in four key business segments, namely utilities, industrial parks, resort operations and property development. As an integrated master planner and developer for the industrial parks and resorts in Batam and Bintan, we also develop, own and manage Batamindo Industrial Park in Batam and Bintan Industrial Estate in Bintan. Both industrial parks are home to many MNCs with regional headquarters based in Singapore. Our major shareholders are Indonesia’s Salim Group. www.gallantventure.com PT Batamindo Investment Cakrawala PT Batamindo Investment Cakrawala manages Batamindo Industrial Park including infrastructure such as the power plant, water and wastewater treatment plants and telecommunication facilities located within the park. The company is based in Batam Island, Indonesia and is a subsidiary of Gallant Venture Ltd. www.batamindoindustrial.com Award for Excellence Since its inception, Batamindo Industrial Park has constantly strived to create greater value for its tenants and stakeholders. Its pursuit of excellence has been lauded with awards and accolades over the years. Utilities Industrial Parks Property Development Resort Operations Automotive Get in touch For more information about Batamindo Industrial Park and investing in Batam, please contact us at : GALLANT VENTURE LTD 3 HarbourFront Place #16-01 HarbourFront Tower Two Singapore 099254 Tel +65 6389 3535 Fax +65 6396 7758 www.gallantventure.com industrialparks@gallantventure.com PT BATAMINDO INVESTMENT CAKRAWALA Batamindo Industrial Park Wisma Batamindo Jalan Rasamala 1 Muka Kuning Batam 29433, Indonesia Tel +62 770 611222 Fax +62 770 611432 customerservice@batamindo.co.id Contact Us Name : Email : Phone No : Message : © 2023 All rights reserved. © Batamindo .

"
Panbil Industrial Estate,Panbil Industrial Estate,,,PT. Nusatama Properta Panbil,,,"https://bpbatam.go.id/wp-content/uploads/2022/07/E-BOOK-Batam-industrial-estate-2022.pdf
https://inis.iaea.org/collection/NCLCollectionStore/_Public/52/095/52095812.pdf
https://energy.economictimes.indiatimes.com/news/oil-and-gas/indonesias-panbil-group-eyes-lng-import-facility-at-karimun/77584974
https://panbil.com/bisnis/panbil-utilitas-sentosa/
(Archived link, 11/27/23) https://web.archive.org/web/20231127172956/https://kemenperin.go.id/kawasan 
http://www.gallantventure.com/
(Archived link, 11/28/23) https://web.archive.org/web/20231128184118/https://business-indonesia.org/data-estate
(Archived link, 8/3/23) https://web.archive.org/web/20230803225319/https://panbil.com/
(Archived link, 5/18/2024) https://web.archive.org/web/20240518022508/https://www.energytransitionpartnership.org/uploads/2022/09/The-Electricity-Infrastructure-Planning-and-Investment-Needs-to-Support-Energy-Transition.pdf","Home About Batam Masterplan Concept Products Our Tenants News Menu Home About Batam Masterplan Concept Products Our Tenants News Get in touch Home About Batam Masterplan Concept Products Our Tenants News Menu Home About Batam Masterplan Concept Products Our Tenants News Self Integrated Township Panbil Industrial Estate Panbil Industrial Estate is developed on 200 Ha of  prime location, in the middle of  Batam  island, with easy connectivity through main roads to container ports, airport, ferry Terminals and the City  Center of Nagoya. Panbil adopts a concept of self-contained industrial townships with self-sufficient infrastructures. Previous slide Next slide Building a Sustainable Future Self Sufficient
Infrastructure Panbil provides a continuous and comprehensive infrastructure. This includes reliable electricity, fresh water supply, gas distribution network, fiber optic backbone for telecommunication and wastewater treatment facilities. Building for the future. 0 Buildings 0 + Years of Experience 0 Tenants in various industries Our Integrated Estate Read More » Panbil Muka Kuning Read More » Panbil Tembesi Read More » Panbil Tanjung Sauh One Stop Services Ready to work build together? Search Search CONTACT US Panbil Residence level 5, Jl. Ahmad Yani, Panbil Estate Muka Kuning – Batam 29433, Indonesia +6282283519800 inquiries@panbil.co.id ©2025 Panbil Industrial Estate Facebook Instagram LinkedIn top Search Search Office Panbil Residence level 5, Jl. Ahmad Yani,
Panbil Estate Muka Kuning – Batam 29433
Indonesia +6282283519800 inquiries@panbil.co.id Name Email Message Send .Facebook .Linkedin .Instagram .Facebook .Linkedin .Instagram Projects Explore some of our projects and see how we’re transforming the built world. Awards Awards validate the safety, ethics, and quality that we commit to every day. Latest Projects Dr.Mohamad Maliki Bin Visits to Panbil Industrial Estate Tembesi, PT Tanjung Piayu Makmur (TPM) INAUGURATION OF PT TSI SMART PRODUCTS’ NEWEST FACILITY IN THE PANBIL INDUSTRIAL AREA EDB SINGAPORE VISITS PANBIL TO LEARN BATAM IN THE MANUFACTURING SECTOR Projects Explore some of our projects and see how we’re transforming the built world. Awards Awards validate the safety, ethics, and quality that we commit to every day. Latest Projects Dr.Mohamad Maliki Bin Visits to Panbil Industrial Estate Tembesi, PT Tanjung Piayu Makmur (TPM) INAUGURATION OF PT TSI SMART PRODUCTS’ NEWEST FACILITY IN THE PANBIL INDUSTRIAL AREA EDB SINGAPORE VISITS PANBIL TO LEARN BATAM IN THE MANUFACTURING SECTOR Awards , Innovations , Project PANBIL JOINS HANNOVER MESSE 2023 INDUSTRY EVENT Vision We are passionately leading the way in digitizing the construction industry. Sustainability Our holistic approach addresses partners, people, projects, practices & places. Who we are From small renovations to complex billion dollar projects. Careers We choose to include. People from every background are our greatest asset. History Working with us means you have our 4,500+ network of experts beside you. Leadership Meet our leadership team who guides strategic operations across our company. Safety Creating a safe and healthy work environment is a central guiding principle. Construction From preconstruction to virtual design and construction, we offer a wide range of services to meet your building needs. Lump-Sum Contracting The Construction Manager is not required to provide an estimate or contract cost breakdown and does not typically participate in pre-construction. Design - Build Certainty of outcome. It’s why our clients choose us for their most challenging Design/Build projects. Pre-Construction Services From engineering to preconstruction, we offer a variety of services and delivery methods.

Skip to content Integrated Solution For Your Investment Contact Us Home About Us Bisnis PROPERTY PANBIL INDUSTRIAL ESTATE VILLA PANBIL KARIMUN GOLDCOAST CONSTRUCTION HARAPAN JAYA SENTOSA PERKASA BETON BATAM HOSPITALITY WYNDHAM PANBIL BATAM PANBIL SERVICED RESIDENCE APARTMENT PANBIL NATURE RESERVE THE ARTRIUM PANBIL KAYUMERAH EDELWEISS CLUB HOUSE RETAIL EDELWEISS PRIMA RASA PANBIL MALL SERVICE PANBIL SERVICE RESIDENCE PANBIL UTILITAS SENTOSA YAYASAN IONKENEDIA PANBIL News Career Contact us Hotline Number +62 778 371000 Let’s make Something Together… Find Us Panbil Residence, Lantai 5, Batam - Indonesia +62 778 371000 info@panbil.com Follow Me +62 778 371000 Contact Us Home About Us Bisnis PROPERTY PANBIL INDUSTRIAL ESTATE VILLA PANBIL KARIMUN GOLDCOAST CONSTRUCTION HARAPAN JAYA SENTOSA PERKASA BETON BATAM HOSPITALITY WYNDHAM PANBIL BATAM PANBIL SERVICED RESIDENCE APARTMENT PANBIL NATURE RESERVE THE ARTRIUM PANBIL KAYUMERAH EDELWEISS CLUB HOUSE RETAIL EDELWEISS PRIMA RASA PANBIL MALL SERVICE PANBIL SERVICE RESIDENCE PANBIL UTILITAS SENTOSA YAYASAN IONKENEDIA PANBIL News Career Contact us × Panbil Industrial Estate Panbil - Portfolio - Business Strategy - Panbil Industrial Estate Business Strategy About Panbil Group Panbil Group is a project development, comprising 200 hectars of prime land on BatamIsland. It is a state of the art, completely integrated and self-contained industrial township concept specially created to enable the investor to make the very most of their investment in Batam, Indonesia. Investment Opportunities Focusing investment potential in the Panbil Industrial Area, emphasizing a sophisticated, fully integrated, and self-sufficient industrial city concept. Strategic Location Emphasizing the strategic location of the area in the heart of Batam city, a well-established special economic zone, and a Free Trade Zone, close to Singapore, Malaysia, and the ASEAN region. Value Proposition Integrating comprehensive infrastructure and utilities, including power generation, treated water, waste processing, and telecommunications, to attract investors seeking world-class manufacturing facilities. Market Potential Providing growth and property profit potential from domestic to international markets. Get in Touch with Us What We Do Home About News Career Get Updates! Sign up for our latest news & articles. Leave this field empty if you're human: ©Panbil Group 2024 TOP